timestamp,request_rate,vus,cpu_mcpu,memory_mib,replicas,hpa_desired_replicas,avg_response_ms,p95_response_ms,failed_req_rate
2026-08-28 11:19:02.611981,0.0,0.0,0.0035090722364063,43.40625,1.0,1.0,0.0,0.0,0.0
2026-08-28 11:19:13.361217,0.0,0.0,0.00514090467511,43.40625,1.0,1.0,0.0,0.0,0.0
2026-08-28 11:19:21.214482,0.0,0.0,0.0057577930579513,43.40625,1.0,1.0,0.0,0.0,0.0
2026-08-28 11:19:31.328683,0.0,0.0,0.0025913279376722,43.40625,1.0,1.0,0.0,0.0,0.0
2026-08-28 11:19:41.416394,0.0,0.0,0.0023199276027334,43.40625,1.0,1.0,0.0,0.0,0.0
2026-08-28 11:19:51.516383,0.0,0.0,0.0052814398011099,43.40625,1.0,1.0,0.0,0.0,0.0
2026-08-28 11:20:01.620112,0.0,0.0,0.0044785858334269,43.40625,1.0,1.0,0.0,0.0,0.0
2026-08-28 11:20:11.730527,0.0,0.0,0.0067444094864224,43.40625,1.0,1.0,0.0,0.0,0.0
2026-08-28 11:20:21.841073,0.0,1.0,0.0082545538378784,43.40625,1.0,1.0,0.0,0.0,0.0
2026-08-28 11:20:28.539693,0.5108222490931076,2.0,8.580095036959085,42.4296875,1.0,1.0,2.885994307692307,8.62484694769984,0.0
2026-08-28 11:20:38.626129,0.8667790081848821,2.0,8.580095036959085,42.4296875,1.0,1.0,2.427213030303033,8.787134696297656,0.0
2026-08-28 11:20:48.726324,1.367675496274031,3.0,13.019902597403714,41.71484375,1.0,1.0,2.1811183562000034,9.134335878855218,0.0
2026-08-28 11:21:00.468958,1.9747794619691383,4.0,11.060080930934976,41.6796875,1.0,1.0,2.11996388898562,8.060105060143126,0.0
2026-08-28 11:21:10.567583,2.593196398113429,4.0,6.194871544158752,42.015625,1.0,1.0,2.168512606520906,6.7274251473243405,0.0
2026-08-28 11:21:20.677781,3.19433151353235,5.0,7.235734838010506,41.88671875,1.0,1.0,2.0983641024096413,4.89751552795031,0.0
2026-08-28 11:21:29.263359,3.7751190614473225,5.0,7.543346994203872,41.88671875,1.0,1.0,2.033675497435898,4.875,0.0
2026-08-28 11:21:39.359244,4.565663815618957,6.0,8.171115691191488,41.8203125,1.0,1.0,1.989281904347826,4.834070796460177,0.0
2026-08-28 11:21:49.469631,5.203660506011126,7.0,11.50895214520916,42.546875,1.0,1.0,2.9588470919540266,4.8617647058823525,0.0
2026-08-28 11:21:59.566340,5.99987629121049,7.0,14.617477893418828,42.2265625,1.0,1.0,2.8852503161512058,4.867077464788732,0.0
2026-08-28 11:22:07.950594,6.860733521415748,8.0,15.929719762096166,42.2265625,1.0,1.0,2.851767978125,4.856230031948882,0.0
2026-08-28 11:22:18.041979,7.566042575019236,9.0,18.16159917545913,42.3984375,1.0,1.0,2.816628545197742,4.87391304347826,0.0
2026-08-28 11:22:28.175991,7.911195791740877,9.0,17.64183050342607,41.671875,1.0,1.0,2.903719299212597,4.931198910081744,0.0
2026-08-28 11:22:36.171210,9.009984622382015,10.0,16.296920651114682,41.671875,1.0,1.0,2.9588874543269235,4.9523809523809526,0.0
2026-08-28 11:22:46.282261,9.681192064454647,11.0,23.176663759044253,42.125,1.0,1.0,2.8576929261744968,4.926334106728538,0.0
2026-08-28 11:22:56.377950,10.044689470826546,11.0,21.825736074434776,42.66796875,1.0,1.0,2.6636141226611287,4.881944444444445,0.0
2026-08-28 11:23:04.576293,10.73405032891302,12.0,19.618041589018024,42.3046875,1.0,1.0,2.554131785992217,4.853876739562625,0.0
2026-08-28 11:23:14.672628,11.829687296133605,12.0,18.171770988976142,42.3046875,1.0,1.0,2.379316417279409,4.802973977695167,0.0
2026-08-28 11:23:24.782520,11.995592607222305,13.0,11.801843324537678,41.80078125,1.0,1.0,1.7912851819757345,4.75,0.0
2026-08-28 11:23:32.818857,12.68217634462255,14.0,13.94579749638054,42.23046875,1.0,1.0,1.7898514721311418,4.75,0.0
2026-08-28 11:23:42.909717,13.989052046224693,14.0,16.406759081250833,42.15234375,1.0,1.0,1.839111224806196,4.757375776397516,0.0
2026-08-28 11:23:53.008326,14.597271700408374,15.0,17.762397322786494,41.74609375,1.0,1.0,1.8550744002976207,4.757078986587183,0.0
2026-08-28 11:24:01.018647,14.686248331108144,16.0,15.414202679276336,41.74609375,1.0,1.0,1.9277427869318184,4.770328102710414,0.0
2026-08-28 11:24:11.115476,15.96893474988547,16.0,20.324761450381608,43.23828125,1.0,1.0,1.9739598183060023,4.782668500687758,0.0
2026-08-28 11:24:21.217730,16.667030258077183,17.0,16.738683123144554,43.23828125,1.0,1.0,1.9640398324607269,4.7875989445910285,0.0
2026-08-28 11:24:31.312936,16.51288046428124,18.0,19.886184238596904,43.421875,1.0,1.0,1.939918003797461,4.786352040816327,0.0
2026-08-28 11:24:39.298009,18.058740037121957,18.0,20.403164539666733,43.421875,1.0,1.0,1.935992235792002,4.796398046398046,0.0
2026-08-28 11:24:49.443725,18.78016290699452,19.0,20.06533137292999,43.42578125,1.0,1.0,1.9447181790697528,4.788980070339976,0.0
2026-08-28 11:24:59.548906,18.626017957820004,19.0,20.283201977430146,43.91015625,1.0,1.0,1.913198678251116,4.787570621468926,0.0
2026-08-28 11:25:07.524902,20.21857923497268,20.0,20.856240441519137,43.91015625,1.0,1.0,1.932782675675672,4.786220043572984,0.0
2026-08-28 11:25:17.645116,21.027322404371585,21.0,19.00957511032029,44.3984375,1.0,1.0,1.9902835103950007,4.799894957983193,0.0
2026-08-28 11:25:27.769167,20.91604329474696,22.0,22.526160994537783,44.4296875,1.0,1.0,1.9704632307692291,4.793094758064516,0.0
2026-08-28 11:25:35.865785,21.79318414509288,23.0,19.159438515895825,44.4296875,1.0,1.0,2.043563399808241,4.805286129970902,0.0
2026-08-28 11:25:45.961657,23.7996553303811,24.0,26.252514926932868,43.71875,1.0,1.0,2.0208910311355366,4.793900184842883,0.0
2026-08-28 11:25:56.098714,23.78024634751256,25.0,27.07966931461326,43.69921875,1.0,1.0,1.99263163628396,4.791998231653404,0.0
2026-08-28 11:26:04.155885,24.84264932683089,26.0,24.482136704293698,43.71875,1.0,1.0,1.9552454610226304,4.782067510548522,0.0
2026-08-28 11:26:14.280698,27.09466811751904,27.0,30.810247365803097,43.4375,1.0,1.0,1.9675760256821817,4.77683615819209,0.0
2026-08-28 11:26:24.404602,28.139281828073997,28.0,26.54689945740636,43.16015625,1.0,1.0,1.858487887084308,4.768439440993789,0.0
2026-08-28 11:26:32.536656,28.01867911941294,29.0,23.528555148704267,43.16015625,1.0,1.0,1.8883852702904056,4.774887724550898,0.0
2026-08-28 11:26:42.631289,30.30434782608696,30.0,29.47024754578596,43.6484375,1.0,1.0,1.928982872309918,4.805152394775036,0.0
2026-08-28 11:26:52.725125,31.39266924648898,31.0,27.67824942867588,43.6328125,1.0,1.0,1.9357027165627347,4.799894957983193,0.0
2026-08-28 11:27:00.766261,30.897355819279618,32.0,30.66365612272917,43.37890625,1.0,1.0,1.9344561348617728,4.798535422343324,0.0
2026-08-28 11:27:10.860977,33.44496151002479,33.0,33.772920575359855,43.515625,1.0,1.0,2.018188326397912,4.803090072320841,0.0
2026-08-28 11:27:20.954749,34.53299989126889,34.0,35.52905620865238,43.51953125,1.0,1.0,2.0096897569269365,4.804458598726114,0.0
2026-08-28 11:27:31.048076,34.157734495558245,35.0,27.35591181915567,43.51953125,1.0,1.0,2.027926692307671,4.776243093922651,0.0
2026-08-28 11:27:39.071205,35.19893235465843,36.0,30.435288187236523,44.19140625,1.0,1.0,2.0196464828198915,4.775461584276355,0.0
2026-08-28 11:27:49.172840,38.0373179876188,37.0,31.606694876387184,43.5234375,1.0,1.0,2.0389478131805188,4.774625576036866,0.0
2026-08-28 11:27:59.260129,37.45826377295492,38.0,37.1856676820713,43.703125,1.0,1.0,1.9900328802228573,4.779288116591928,0.0
2026-08-28 11:28:07.141926,38.47999833058576,39.0,30.901079777889308,43.703125,1.0,1.0,2.0099345444685413,4.770697167755992,0.0
2026-08-28 11:28:17.241937,41.43694758029229,40.0,40.67378428531406,43.46875,1.0,1.0,1.983920230200644,4.775212314225053,0.0
2026-08-28 11:28:27.352397,42.53177850219879,41.0,30.048065852012677,43.46875,1.0,1.0,2.0035637695473145,4.779503105590062,0.0
2026-08-28 11:28:35.293894,41.68497708581832,42.0,42.4858707170612,44.0546875,1.0,1.0,2.038112994979906,4.795742524075013,0.0
2026-08-28 11:28:45.393258,44.78920150758173,43.0,43.96941418205878,43.76953125,1.0,1.0,2.041981551859056,4.780403741999015,0.0
2026-08-28 11:28:55.491391,45.690662352835446,45.0,36.1167544614667,43.76953125,1.0,1.0,2.0220031782060977,4.79527402700556,0.0
2026-08-28 11:29:03.496011,46.67599469020199,46.0,43.81993860201567,44.23828125,1.0,1.0,2.027993216756294,4.788647810925998,0.0
2026-08-28 11:29:13.586653,47.75144850843992,47.0,36.97502774387402,44.23828125,1.0,1.0,2.028753179564199,4.79685128983308,0.0
2026-08-28 11:29:23.692048,48.864492519642674,48.0,45.26212066255621,44.2734375,1.0,1.0,2.006427423274562,4.785133136094675,0.0
2026-08-28 11:29:31.427424,50.10532380317952,49.0,34.51085826784369,44.2734375,1.0,1.0,2.0356149475574554,4.791304347826087,0.0
2026-08-28 11:29:41.526909,51.220653896010376,51.0,47.0899980912374,43.54296875,1.0,1.0,2.0235765251317974,4.787017357421183,0.0
2026-08-28 11:29:51.622379,52.39184055596566,52.0,42.53912525187509,44.80859375,1.0,1.0,2.057798552577312,4.782871972318339,0.0
2026-08-28 11:30:01.719796,51.81625784963397,54.0,34.031724696455456,44.80859375,1.0,1.0,2.0406343381318965,4.782018874283788,0.0
2026-08-28 11:30:09.664995,55.35414750284076,56.0,35.736525000000086,44.27734375,1.0,1.0,2.0343609667644107,4.7780235988200594,0.0
2026-08-28 11:30:19.744250,56.90426376163336,57.0,36.17081848189987,44.27734375,1.0,1.0,2.0044025477020364,4.775732950924155,0.0
2026-08-28 11:30:29.837309,56.26492266168379,59.0,53.97921833575751,43.56640625,1.0,1.0,1.9745274463571891,4.773478529502625,0.0
2026-08-28 11:30:37.743893,60.25894623269196,61.0,57.18246304244173,43.5,1.0,1.0,1.9964836132497672,4.790024074631357,0.0
2026-08-28 11:30:47.872371,62.1268790908437,62.0,46.0194932155064,43.5,1.0,1.0,1.982220960926204,4.802824114720515,0.0
2026-08-28 11:30:57.972152,63.81830932729137,64.0,61.443285651269655,43.7890625,1.0,1.0,2.014243429738112,4.835794151376146,0.0
2026-08-28 11:31:05.934676,65.57053009883198,66.0,60.685257494901705,44.51953125,1.0,1.0,2.022759391888211,4.838847012841987,0.0
2026-08-28 11:31:16.030733,67.42017214425616,67.0,51.66939857332175,68.4921875,2.0,2.0,2.049366846748454,4.837676438653637,0.0
2026-08-28 11:31:26.130720,69.27099243499669,69.0,64.18369126284938,68.03125,2.0,2.0,2.0456565361868133,4.846810481736369,0.0
2026-08-28 11:31:34.110459,70.9581321895806,71.0,66.4931592334484,65.0625,2.0,2.0,2.0249086788875363,4.831854423868312,0.0
2026-08-28 11:31:44.205601,72.64635153081367,72.0,54.641443833760775,65.73828125,2.0,2.0,2.017976520998065,4.826305220883534,0.0
2026-08-28 11:31:54.299010,74.53204357423593,74.0,58.62762725081555,66.1171875,2.0,2.0,2.0242478781017117,4.835029426189308,0.0
2026-08-28 11:32:02.297587,73.13507643471722,74.0,68.32388690043578,65.83984375,2.0,2.0,2.018844035693937,4.835268070847294,0.0
2026-08-28 11:32:12.398973,78.07371536185096,78.0,70.91185081355205,67.9140625,2.0,2.0,2.015408370778802,4.8571176885130365,0.0
2026-08-28 11:32:22.493992,79.77759842166623,79.0,70.89368952947537,69.10546875,2.0,2.0,2.0252519763833114,4.848140495867769,0.0
2026-08-28 11:32:32.597752,79.98579515781998,81.0,70.26267703950131,68.87109375,2.0,2.0,2.291132250718232,4.894442949407965,0.0
2026-08-28 11:32:40.660504,83.24078386414931,82.0,71.62168342108863,70.07421875,2.0,2.0,2.280495209167237,4.898635153129161,0.0
2026-08-28 11:32:50.753173,85.03054077775987,84.0,68.13890385061882,70.6171875,2.0,2.0,2.412615630503496,4.903925619834711,0.0
2026-08-28 11:33:00.856443,86.84125676208217,86.0,79.97969198540329,70.53515625,2.0,2.0,2.4391520082508578,4.905837239028546,0.0
2026-08-28 11:33:08.684757,88.86015480487761,87.0,83.12643662068439,71.8671875,2.0,2.0,2.454796400970128,4.912834448160536,0.0
2026-08-28 11:33:18.772501,90.56786753349378,89.0,87.7690072676991,73.421875,2.0,2.0,2.458755576556963,4.921804356761199,0.0
2026-08-28 11:33:28.877504,92.56133041198234,91.0,75.25570584449343,73.421875,2.0,2.0,2.28530351785027,4.888478434504792,0.0
2026-08-28 11:33:36.761505,94.63256484149854,92.0,83.24448601373747,73.74609375,2.0,2.0,2.2955630087552343,4.8886385896180204,0.0
2026-08-28 11:33:46.867547,96.37794708308569,94.0,83.9090713976097,73.203125,2.0,2.0,2.170086899831833,4.870137957463115,0.0
2026-08-28 11:33:56.965839,98.1628242074928,96.0,83.39402317276536,72.9765625,2.0,2.0,2.138694620183477,4.863328949840316,0.0
2026-08-28 11:34:04.760833,95.98214285714286,97.0,85.42685449655524,73.91015625,2.0,2.0,2.1426496055525432,4.855925175082933,0.0
2026-08-28 11:34:14.871030,101.87421156965218,99.0,65.51817914603161,73.91015625,2.0,2.0,2.120541532708593,4.842465753424658,0.0
2026-08-28 11:34:24.971272,103.714249671106,102.0,87.48206522939815,75.7265625,2.0,2.0,2.1725980363162245,4.864967075992169,0.0
2026-08-28 11:34:32.959684,101.89437925715374,105.0,73.76244125169887,75.87109375,2.0,2.0,2.15791850093552,4.868418758716875,0.0
2026-08-28 11:34:43.051545,108.3541752883387,109.0,96.72273441549996,76.1171875,2.0,2.0,2.108576566423113,4.8531557516118085,0.0
2026-08-28 11:34:53.143673,110.9611716866386,112.0,95.48283515913508,76.09765625,2.0,2.0,2.111366880330808,4.856308023872678,0.0
2026-08-28 11:35:03.239234,114.14383130319004,115.0,84.13234044965586,76.171875,2.0,2.0,2.076012637352247,4.848576254826254,0.0
2026-08-28 11:35:10.957667,117.7032285961372,119.0,99.6180231534967,76.52734375,2.0,2.0,2.0866272177308223,4.859374999999999,0.0
2026-08-28 11:35:21.045985,121.39446896675976,122.0,99.04964436688734,76.24609375,2.0,2.0,2.0135342135015084,4.842686431704735,0.0
2026-08-28 11:35:31.146312,125.48192988145423,126.0,102.55797044279002,76.578125,2.0,2.0,1.979317577088769,4.820585664335664,0.0
2026-08-28 11:35:38.884867,129.17586593796372,129.0,108.97984058550256,70.4375,2.0,2.0,2.0719832863547367,4.850572246065808,0.0
2026-08-28 11:35:48.977180,132.75905751203445,132.0,103.77249714258946,84.0859375,2.0,2.0,2.073707706106892,4.847801892042293,0.0
2026-08-28 11:35:59.071883,136.38091101579892,135.0,121.2585723228863,89.84375,3.0,3.0,2.095547575713369,4.8688953883825326,0.0
2026-08-28 11:36:06.929342,143.77587877720023,139.0,122.72035914010048,88.39453125,3.0,3.0,2.142906389365641,4.8901246253352255,0.0
2026-08-28 11:36:17.031906,146.9098277608916,142.0,114.0093185048634,90.26171875,3.0,3.0,2.141663489355334,4.9257618159203975,0.0
2026-08-28 11:36:27.129469,143.49710075150193,145.0,134.35457336781414,92.703125,3.0,3.0,2.519076612983236,4.968149221849252,0.0
2026-08-28 11:36:35.056133,147.16965332440128,149.0,136.61851692297807,93.6015625,3.0,3.0,2.5725474011380345,5.680327868852443,0.0
2026-08-28 11:36:45.163585,157.8381698142177,152.0,135.15638888205393,93.3046875,3.0,3.0,2.522166479016174,4.9943015780245466,0.0
2026-08-28 11:36:55.263995,153.96357401250444,156.0,140.60541141194614,94.37109375,3.0,3.0,2.513559463533896,4.988482384823848,0.0
2026-08-28 11:37:03.014342,157.39617749153106,159.0,120.64034432573575,94.37109375,3.0,3.0,2.52547798790861,4.977513227513228,0.0
2026-08-28 11:37:13.108089,169.07511272407348,162.0,137.73747073156954,96.59375,3.0,3.0,2.201456986860961,4.965762273901809,0.0
2026-08-28 11:37:23.194883,172.86883082607548,165.0,143.2782700628103,98.65625,3.0,3.0,2.122520341348501,4.915734035549703,0.0
2026-08-28 11:37:33.290239,168.47518102634064,169.0,141.67129979860255,100.56640625,3.0,3.0,2.147975456833061,4.933141415448311,0.0
2026-08-28 11:37:41.195141,180.2041624499494,172.0,154.35257474342347,100.15625,3.0,3.0,2.195696163349929,4.97217252396166,0.0
2026-08-28 11:37:51.284358,183.91411474832807,176.0,157.8878355162891,100.078125,3.0,3.0,2.181298710765438,4.979310344827587,0.0
2026-08-28 11:38:01.383992,178.1635641079272,179.0,158.55862337210644,101.8046875,3.0,3.0,2.12999514193462,4.944458022730049,0.0
2026-08-28 11:38:09.325083,190.17168885774356,182.0,156.7076486194044,102.37109375,3.0,3.0,2.140312117572461,4.928784801051499,0.0
2026-08-28 11:38:19.406683,193.7235836454022,185.0,139.06099274385315,103.01171875,3.0,3.0,2.1596848345014124,4.928856304985337,0.0
2026-08-28 11:38:29.500743,188.3855059138212,189.0,155.37368354333907,103.5703125,3.0,3.0,2.1617860965058022,4.947573656845753,0.0
2026-08-28 11:38:37.374282,191.7748103567174,192.0,163.00771579367347,103.4296875,3.0,3.0,2.2804253676582644,4.986358956760466,0.0
2026-08-28 11:38:47.481389,205.21586675432832,195.0,178.79042791577078,103.8203125,3.0,3.0,2.218636800619435,4.96916545637359,0.0
2026-08-28 11:38:57.576737,199.5102245850514,199.0,176.31068884208074,104.44921875,3.0,3.0,2.2305675175669526,4.997379454926626,0.0
2026-08-28 11:39:05.491710,202.39440746787224,197.0,175.26391790953812,97.609375,3.0,3.0,2.176770985832557,4.976974753494419,0.0
2026-08-28 11:39:15.593393,213.31140350877192,192.0,178.71338803553323,97.6015625,3.0,3.0,2.179947784928564,4.97397459360534,0.0
2026-08-28 11:39:25.685934,212.8462095129493,187.0,176.14635810171168,101.51953125,3.0,3.0,2.084253448176375,4.960565956531095,0.0
2026-08-28 11:39:33.589533,200.79876212780192,181.0,171.9801290841142,102.7578125,3.0,3.0,2.114174266999852,4.954839235281337,0.0
2026-08-28 11:39:43.690473,205.77087395657605,177.0,159.61359335444916,115.375,4.0,4.0,2.3451221752050317,4.998626989464245,0.0
2026-08-28 11:39:53.785456,200.5126744517232,172.0,169.39510801406632,113.21484375,4.0,4.0,2.4036451183347656,5.719480519480514,0.0
2026-08-28 11:40:03.876827,186.2152610777692,166.0,156.5714880368492,113.19921875,4.0,4.0,2.3360955914654253,4.97866643126177,0.0
2026-08-28 11:40:11.785260,189.68200048214956,162.0,149.20185293365975,114.2890625,4.0,4.0,2.3662004879260143,4.949584637611365,0.0
2026-08-28 11:40:21.874553,183.69896337855312,157.0,153.29420186920643,115.75,4.0,4.0,2.41841028358378,5.060937499999978,0.0
2026-08-28 11:40:31.972779,170.51182831684412,152.0,120.47945515115129,116.30859375,4.0,4.0,2.187187811579816,4.945970111125304,0.0
2026-08-28 11:40:39.826214,173.40736026684806,147.0,128.88467557277232,116.06640625,4.0,4.0,2.18656121285741,4.91868693487092,0.0
2026-08-28 11:40:49.918317,167.9211744826527,141.0,126.87545524464043,116.35546875,4.0,4.0,2.230914211840012,4.91308461746418,0.0
2026-08-28 11:41:00.030121,154.777110073494,137.0,102.9358265548716,113.96875,4.0,4.0,2.2231550649349976,4.914893617021277,0.0
2026-08-28 11:41:07.964068,150.12562814070353,132.0,114.00786986122402,115.734375,4.0,4.0,2.2656374400278096,4.8989499424626,0.0
2026-08-28 11:41:18.083956,151.93012487106898,126.0,101.59587957679716,115.51171875,4.0,4.0,2.342059354903944,4.951701550971239,0.0
2026-08-28 11:41:28.192101,139.58498933188304,122.0,96.76608542281636,115.30859375,4.0,4.0,2.378878961186791,4.996335119798234,0.0
2026-08-28 11:41:36.088976,134.12822926472126,117.0,105.61832727381147,114.34375,4.0,4.0,2.366564429507073,5.226190476190477,0.0
2026-08-28 11:41:46.195157,135.3212014909011,112.0,85.36891384520624,114.34375,4.0,4.0,2.3792991809785287,5.1344537815126,0.0
2026-08-28 11:41:56.288866,129.63977987766108,107.0,103.12343410832436,114.7890625,4.0,4.0,2.3422874067308697,5.131198347107434,0.0
2026-08-28 11:42:04.206007,118.2327838674588,102.0,90.4307275466356,113.4921875,4.0,4.0,2.275023425866731,4.954235098726701,0.0
2026-08-28 11:42:14.302322,118.4181682669122,96.0,74.38902058292474,113.4921875,4.0,4.0,2.27718014362364,4.9525762253956005,0.0
2026-08-28 11:42:24.399471,113.17652732414126,91.0,87.89887636069928,112.97265625,4.0,4.0,2.363848089095232,4.979543147208123,0.0
2026-08-28 11:42:32.245200,102.75233195298448,87.0,80.35980834962474,112.48046875,4.0,4.0,2.376236871972092,4.993954632998074,0.0
2026-08-28 11:42:42.347336,102.12009481169343,82.0,67.97113247327358,112.85546875,4.0,4.0,2.4437763200084897,5.330645161290315,0.0
2026-08-28 11:42:52.440185,96.91649292219904,77.0,71.68424567031859,113.23046875,4.0,4.0,2.4524726385869644,5.590243902439016,0.0
2026-08-28 11:43:02.537432,87.244246193797,72.0,70.63215751053994,112.56640625,4.0,4.0,2.43592176302536,5.255235602094226,0.0
2026-08-28 11:43:10.471734,82.01047120418849,67.0,65.43152786628956,112.30859375,4.0,4.0,2.3658964519919365,4.982855612108224,0.0
2026-08-28 11:43:20.560006,80.40531648901172,62.0,52.29855064136683,112.7265625,4.0,4.0,2.398959746317773,4.99240252293578,0.0
2026-08-28 11:43:30.650567,71.69282862696738,57.0,54.568716103522,112.953125,4.0,4.0,2.3135842979592565,4.941613588110403,0.0
2026-08-28 11:43:38.642519,66.070271513074,52.0,43.83331095465314,112.96484375,4.0,4.0,2.312483605504545,4.913203534031413,0.0
2026-08-28 11:43:48.733595,64.6903215933189,56.0,44.1422753928615,112.9140625,4.0,4.0,2.36149168739436,4.909273489346838,0.0
2026-08-28 11:43:58.825955,63.07251699787936,64.0,40.61055010576638,115.32421875,4.0,4.0,2.356784303639271,4.908219914040115,0.0
2026-08-28 11:44:06.943698,61.56833270700238,74.0,53.57659877074715,116.11328125,4.0,4.0,2.318217342488549,4.88074912891986,0.0
2026-08-28 11:44:17.032628,68.4907633321715,82.0,57.1583271262416,115.90234375,4.0,4.0,2.2875384125872498,4.862837617962903,0.0
2026-08-28 11:44:27.126615,75.94274883994511,89.0,58.760056171743614,119.2109375,4.0,4.0,2.1854765562249314,4.841666666666667,0.0
2026-08-28 11:44:35.261524,81.23984501937258,98.0,65.51762904902506,120.55859375,4.0,4.0,2.079745268204909,4.816692667706708,0.0
2026-08-28 11:44:45.354381,93.62783424550432,106.0,89.58894514094703,124.6328125,4.0,4.0,2.003346621865665,4.797765363128492,0.0
2026-08-28 11:44:55.460955,105.70266219399043,123.0,90.38460688819112,124.84375,4.0,4.0,2.08223610128294,4.793696763202726,0.0
2026-08-28 11:45:03.071995,115.57707538339692,131.0,109.31475536592346,126.56640625,4.0,4.0,1.9958361889407308,4.787284144427001,0.0
2026-08-28 11:45:13.187379,124.61524615246154,139.0,112.40491894826856,126.0546875,4.0,4.0,1.9704217620972575,4.7901310997815,0.0
2026-08-28 11:45:23.283088,133.61293109655122,148.0,125.42536137756274,129.03125,4.0,4.0,1.9172765699850915,4.7887070487573,0.0
2026-08-28 11:45:33.379201,137.8375089104091,156.0,117.50643828041046,129.26171875,4.0,4.0,1.8829512607213024,4.788048315321042,0.0
2026-08-28 11:45:41.176640,152.53132469037442,164.0,144.6209454614361,129.421875,3.0,3.0,1.8733103594065503,4.794387204983827,0.0
2026-08-28 11:45:51.266979,161.47606286666183,173.0,144.34515194451305,131.15625,3.0,3.0,1.781358919376419,4.796252264492754,0.0
2026-08-28 11:46:01.358024,163.1779587593138,182.0,143.58563965806766,131.16015625,3.0,3.0,1.7753012946607791,4.792219961447847,0.0
2026-08-28 11:46:09.218796,178.72723994952224,189.0,147.70386005119198,131.15234375,3.0,3.0,1.7835699008472057,4.793515879478828,0.0
2026-08-28 11:46:19.309819,187.66901027582475,198.0,144.43034469711745,105.26953125,3.0,3.0,1.7963796265129015,4.795141582622188,0.0
2026-08-28 11:46:29.404906,196.75145571559915,206.0,173.62132766405895,106.00390625,3.0,3.0,1.805654923591288,4.788607185739355,0.0
2026-08-28 11:46:37.433895,204.91185235718643,214.0,139.4025428692321,105.76171875,3.0,3.0,1.8083434132642733,4.784371690787151,0.0
2026-08-28 11:46:47.520301,213.98179565896484,223.0,166.51132405609016,107.1953125,3.0,3.0,1.931024007718692,4.799936413734633,0.0
2026-08-28 11:46:57.625434,222.9582951832104,231.0,146.20081400291107,107.08984375,3.0,3.0,1.9437478301916755,4.817130953353485,0.0
2026-08-28 11:47:05.481535,231.86063218390808,239.0,201.77023627977192,127.76171875,4.0,4.0,1.9221924636713812,4.815272870043188,0.0
2026-08-28 11:47:15.577246,240.8764367816092,248.0,175.95229008393937,127.3359375,4.0,4.0,1.9020180651654264,4.813888469094756,0.0
2026-08-28 11:47:25.670295,249.77100881840556,256.0,211.941674485213,123.22265625,4.0,4.0,1.958573678627864,4.861879876343294,0.0
2026-08-28 11:47:33.527783,247.14581980434463,256.0,200.6346058276921,123.51953125,4.0,4.0,1.9826197901159897,4.878188386872116,0.0
2026-08-28 11:47:43.620139,268.3928861019515,273.0,254.4476855079696,124.29296875,4.0,4.0,1.98024914716336,4.88512393841055,0.0
2026-08-28 11:47:53.722242,277.348325134692,281.0,200.3837934510546,124.29296875,4.0,4.0,1.952654112460983,4.874783304440593,0.0
2026-08-28 11:48:03.819835,275.06925207756234,289.0,235.61608854451072,146.0703125,5.0,5.0,1.935691377682767,4.864502094747019,0.0
2026-08-28 11:48:11.640997,295.22024367385194,298.0,248.1741787089218,144.7265625,5.0,5.0,1.970240757814348,4.8792800702370505,0.0
2026-08-28 11:48:21.738439,303.3306899286281,296.0,299.7365344066853,149.15234375,5.0,5.0,1.9591846701129711,4.878707433174661,0.0
2026-08-28 11:48:31.830703,308.6655612428808,289.0,291.28815212377066,149.515625,5.0,5.0,1.978017081163276,4.891377547952619,0.0
2026-08-28 11:48:39.732943,311.0582896656042,282.0,299.0189542264864,149.77734375,5.0,5.0,1.970825961329398,4.91032315978456,0.0
2026-08-28 11:48:49.824661,311.1483262204455,276.0,322.6731252076964,148.03125,5.0,5.0,1.9865676513688535,4.905579463271772,0.0
2026-08-28 11:48:59.920444,308.4527839804077,269.0,277.6006438104512,147.89453125,5.0,5.0,2.054785282636735,4.928696916459684,0.0
2026-08-28 11:49:07.792235,302.9436107812444,262.0,289.12458318352947,148.734375,5.0,5.0,2.145081016927222,4.972688553130635,0.0
2026-08-28 11:49:17.891663,295.7771820291837,255.0,297.2458581239645,149.1484375,5.0,5.0,2.123132527586981,4.959683053861788,0.0
2026-08-28 11:49:27.979576,288.557034904642,249.0,267.44904805814394,148.7578125,5.0,5.0,2.119239043825272,4.945784110086979,0.0
2026-08-28 11:49:35.896801,281.3247701800781,242.0,252.02034203101783,149.53125,5.0,5.0,2.0891019535746467,4.904945853143159,0.0
2026-08-28 11:49:46.024483,273.8410059906093,235.0,253.90941598618303,149.671875,5.0,5.0,2.182038629549313,4.956436797367699,0.0
2026-08-28 11:49:56.109522,266.89693633403493,229.0,230.31130110025305,149.484375,5.0,5.0,2.195549896602901,4.964144829529445,0.0
2026-08-28 11:50:03.936168,249.53300124533,222.0,214.85512380995084,148.4921875,5.0,5.0,2.1250082031608155,4.909603811434303,0.0
2026-08-28 11:50:14.035681,252.53379898828055,215.0,225.13482826384768,147.46484375,5.0,5.0,2.1663134905189545,4.911040683962264,0.0
2026-08-28 11:50:24.119739,245.68383531063785,209.0,221.1346435261727,148.0703125,5.0,5.0,2.1982071885811854,4.924696048632219,0.0
2026-08-28 11:50:34.224913,227.8555266906897,202.0,206.00653198744436,148.6796875,5.0,5.0,2.304668119529417,4.982254797955444,0.0
2026-08-28 11:50:42.100406,231.403916482012,195.0,211.6712853468449,148.14453125,5.0,5.0,2.360751501712476,4.997788878879698,0.0
2026-08-28 11:50:52.212388,224.16184762831256,188.0,201.4527251520811,147.94140625,5.0,5.0,2.4545441486540938,5.876358695652172,0.0
2026-08-28 11:51:02.298387,216.90567125459395,182.0,182.92334067428564,148.375,5.0,5.0,2.424590028488463,5.867924528301867,0.0
2026-08-28 11:51:10.075295,209.91506014318952,175.0,187.5286266019503,148.19921875,5.0,5.0,2.433228708591206,5.828402366863904,0.0
2026-08-28 11:51:20.165735,202.71586236745296,168.0,185.52317998249436,148.4765625,5.0,5.0,2.4206497232452957,5.88659274193548,0.0
2026-08-28 11:51:30.267530,195.64668542162596,162.0,155.29803523118449,147.9375,5.0,5.0,2.287393267489996,4.984789127490811,0.0
2026-08-28 11:51:37.981079,188.90034177833235,156.0,155.1490119735364,148.125,5.0,5.0,2.208755998467905,4.962388716614984,0.0
2026-08-28 11:51:48.082916,181.5798039712105,149.0,148.3729413772403,148.1796875,5.0,5.0,2.099030897400052,4.902359411946129,0.0
2026-08-28 11:51:58.186880,174.45161756993798,142.0,143.56693610885927,148.18359375,5.0,5.0,2.164233741162943,4.917713028546898,0.0
2026-08-28 11:52:05.977523,160.5088246012877,136.0,132.70000014708745,148.16796875,5.0,5.0,2.2198194869715624,4.919680851063829,0.0
2026-08-28 11:52:16.074279,160.00506173509046,128.0,110.0682396455257,148.19140625,5.0,5.0,2.248343844478325,4.892540725921692,0.0
2026-08-28 11:52:26.177040,144.21705946489976,122.0,132.68922873344448,148.43359375,5.0,5.0,2.2726297721387563,4.885693987436435,0.0
2026-08-28 11:52:34.007175,136.83062859059842,115.0,125.15118031657364,148.94140625,5.0,5.0,2.3083070680354174,4.8901246253352255,0.0
2026-08-28 11:52:44.108356,136.51275953937954,109.0,122.12341780768112,148.4453125,5.0,5.0,2.353128646773938,4.891214084039196,0.0
2026-08-28 11:52:54.201323,129.11464869982606,102.0,103.08589222169591,148.4453125,5.0,5.0,2.307921493860448,4.889239950851325,0.0
2026-08-28 11:53:04.291952,117.0480261503646,108.0,101.90334798025349,148.27734375,5.0,5.0,2.302259007877889,4.874816244027931,0.0
2026-08-28 11:53:12.156058,120.60964613252986,118.0,103.71324468851996,148.984375,5.0,5.0,2.240162007111583,4.8571694946858095,0.0
2026-08-28 11:53:22.252078,122.35247542173444,127.0,101.44899715189418,148.79296875,5.0,5.0,2.1557158099946303,4.842266813267363,0.0
2026-08-28 11:53:32.347797,121.20894772117964,138.0,105.99679409172532,149.9453125,5.0,5.0,2.086836322218362,4.849708943376257,0.0
2026-08-28 11:53:40.189843,135.41437678610683,147.0,112.08416820851672,149.5625,5.0,5.0,2.005471456168961,4.836363636363636,0.0
2026-08-28 11:53:50.282754,146.36505528809167,157.0,130.40525497523552,151.6796875,5.0,5.0,1.9466252218385136,4.832747555012226,0.0
2026-08-28 11:54:00.372897,149.9214577442664,167.0,125.62098988331974,153.5703125,5.0,5.0,1.9004730743227127,4.826188786373314,0.0
2026-08-28 11:54:08.148942,160.39039919574415,177.0,129.3672326641734,154.08984375,5.0,5.0,1.913322229694729,4.863684984623613,0.0
2026-08-28 11:54:18.242838,179.53289748838847,187.0,159.34640405672633,157.5859375,5.0,5.0,1.9008690652361704,4.87309724493647,0.0
2026-08-28 11:54:28.365558,181.88872344441415,197.0,172.12085482476317,159.21875,5.0,5.0,2.055819940505202,4.9119768689638725,0.0
2026-08-28 11:54:36.143814,192.3706064927439,207.0,179.6092323712259,159.03125,5.0,5.0,2.013297504415278,4.906728603603604,0.0
2026-08-28 11:54:46.243863,213.24015695956967,217.0,181.95741038311584,159.90625,5.0,5.0,2.095480332058452,4.930966945696501,0.0
2026-08-28 11:54:56.347451,224.30668841761823,227.0,194.6446368941056,160.40234375,5.0,5.0,2.093350925798447,4.934277692700356,0.0
2026-08-28 11:55:04.147479,225.8588923810556,237.0,214.0355634527732,160.82421875,5.0,5.0,2.7323814592929705,4.965223206821601,0.0
2026-08-28 11:55:14.247256,245.8405870556865,247.0,245.6880597500597,161.19140625,5.0,5.0,2.6587402041582213,4.916558441558441,0.0
2026-08-28 11:55:24.355440,256.82614540405933,257.0,239.436604300555,162.01953125,5.0,5.0,2.6350747565645456,4.905751506557958,0.0
2026-08-28 11:55:34.459437,254.8008385744235,267.0,234.818144735512,161.07421875,5.0,5.0,2.52861848222823,4.87391304347826,0.0
2026-08-28 11:55:42.263919,278.69791207823096,277.0,260.5953828876403,161.66015625,5.0,5.0,2.4650688541177037,4.834043751005307,0.0
2026-08-28 11:55:52.356217,289.8423046427628,287.0,273.5672196434352,163.109375,5.0,5.0,2.219051670440912,4.857031857031857,0.0
2026-08-28 11:56:02.451053,286.6007043434513,297.0,250.38600943859237,163.078125,5.0,5.0,2.249698003291978,4.888759223008583,0.0
2026-08-28 11:56:10.496508,310.109947873319,307.0,284.129936454652,162.328125,5.0,5.0,2.2064552002961544,4.888091431063304,0.0
2026-08-28 11:56:20.600299,321.06796329149967,317.0,274.0507399805932,162.5390625,5.0,5.0,2.211561540486644,4.905611525996899,0.0
2026-08-28 11:56:30.699245,316.03862114987595,327.0,323.335540502083,162.39453125,5.0,5.0,2.3003017262464915,4.971067532108825,0.0
2026-08-28 11:56:38.372120,326.4654974662691,337.0,317.2248555862029,162.625,5.0,5.0,1.8961407982112783,4.89927856107524,0.0
2026-08-28 11:56:48.466402,354.9201748029075,348.0,341.9892825673581,163.8671875,5.0,5.0,1.945806911109781,4.914149494432356,0.0
2026-08-28 11:56:58.579951,349.75410869656594,357.0,285.83077089537744,163.0,5.0,5.0,2.0798090585266493,4.954838911871631,0.0
2026-08-28 11:57:06.382167,360.2547128176029,367.0,295.85557361209663,162.6796875,5.0,5.0,2.131723134932071,4.983139534883721,0.0
2026-08-28 11:57:16.495397,389.29375910958,377.0,386.2357064449421,163.265625,5.0,5.0,1.962472076129223,4.97049589446859,0.0
2026-08-28 11:57:26.606071,400.3445153596432,387.0,317.09749557316235,163.26953125,5.0,5.0,2.104540882447168,6.134808853118718,0.0
2026-08-28 11:57:34.367893,390.4356576795672,398.0,402.4493616028205,163.5390625,5.0,5.0,2.0772832730250994,6.207471804511277,0.0
2026-08-28 11:57:44.474343,420.8194661788367,395.0,439.21658905720216,162.9375,5.0,5.0,2.0638172095534184,6.448615771812081,0.0
2026-08-28 11:57:54.574152,426.43979634568336,386.0,405.33878900902334,163.35546875,5.0,5.0,2.1453405110089023,6.866399999999995,0.0
2026-08-28 11:58:02.579049,407.5433701831302,378.0,413.7576469017976,163.8515625,5.0,5.0,2.37730815730692,7.377974044700796,0.0
2026-08-28 11:58:12.679292,423.3959448784341,370.0,465.2042164136129,163.4296875,5.0,5.0,2.3693193018918746,7.209191456903122,0.0
2026-08-28 11:58:22.809997,416.5715790397612,361.0,411.7190841589816,163.45703125,5.0,5.0,2.4663625917185894,7.521011396011389,0.0
2026-08-28 11:58:32.902247,387.4112734864301,353.0,386.7551004162872,155.125,5.0,5.0,2.471940538017988,7.541113569321528,0.0
2026-08-28 11:58:40.705208,378.6847599164927,344.0,381.5432571234861,156.328125,5.0,5.0,2.39405399415663,6.992107508532417,0.0
2026-08-28 11:58:50.799348,388.5466225252681,336.0,363.98459859140655,162.53125,5.0,5.0,2.486516467892648,7.31500802568217,0.0
2026-08-28 11:59:00.897024,363.0190102911279,328.0,346.82010547103096,161.50390625,5.0,5.0,2.4661439067547133,7.207245155855088,0.0
2026-08-28 11:59:08.719983,353.867113812618,319.0,366.96585310601705,162.45703125,5.0,5.0,2.468704155303886,6.901021400778202,0.0
2026-08-28 11:59:18.851772,362.415811947,311.0,335.88337106695974,162.4453125,5.0,5.0,2.559122051621545,7.212223291626549,0.0
2026-08-28 11:59:28.950669,353.281683320861,302.0,338.1482251578718,163.0546875,5.0,5.0,2.533195243085087,7.413730803974699,0.0
2026-08-28 11:59:36.679701,327.4731261655806,294.0,329.2700514815784,162.95703125,5.0,5.0,2.346110547479076,6.345390898483078,0.0
2026-08-28 11:59:46.795629,335.4055066904746,286.0,320.4830789463031,163.33984375,5.0,5.0,2.4382878084131816,6.494092039800984,0.0
2026-08-28 11:59:56.925874,326.477525736834,277.0,262.33263382649585,163.09375,5.0,5.0,2.394832404389327,6.643033292231809,0.0
2026-08-28 12:00:04.863092,302.35731228615214,269.0,263.51379579169,162.98046875,5.0,5.0,2.374309145445883,5.811746987951799,0.0
2026-08-28 12:00:15.021252,307.5704922359565,261.0,243.6396882783681,163.08984375,5.0,5.0,2.4770554938847305,6.251555209953331,0.0
2026-08-28 12:00:25.163784,289.307155606036,245.0,253.53903231605344,163.734375,5.0,5.0,2.367663236056726,5.0586419753086265,0.0
2026-08-28 12:00:32.922090,280.18104116703034,236.0,229.9906199569548,162.13671875,5.0,5.0,2.291498000707833,4.989217873318462,0.0
2026-08-28 12:00:43.012675,271.6387766878246,228.0,219.46084949353244,162.18359375,5.0,5.0,2.337148342803965,4.979055041402826,0.0
2026-08-28 12:00:53.132334,262.7080440701805,219.0,202.31122998380928,162.9921875,5.0,5.0,2.3033803563044954,5.282114624505917,0.0
2026-08-28 12:01:03.264603,243.93968314563847,211.0,218.49512827282035,162.7734375,5.0,5.0,2.2616471966142453,4.979530201342282,0.0
2026-08-28 12:01:11.012380,245.51277411883916,203.0,189.88219395327988,162.75390625,5.0,5.0,2.2739492380430546,4.987444865743249,0.0
2026-08-28 12:01:21.136011,236.40311199565767,194.0,220.2966942782812,161.73046875,5.0,5.0,2.326375191336559,5.203260869565195,0.0
2026-08-28 12:01:31.347736,218.1856034976318,186.0,176.80499215213635,161.734375,5.0,5.0,2.348279531647818,4.9775852012332304,0.0
2026-08-28 12:01:39.203146,217.8600451467269,178.0,203.9739352921691,162.08203125,5.0,5.0,2.252314880719573,4.937020763332471,0.0
2026-08-28 12:01:49.292440,208.59216989309448,169.0,180.97547885939963,160.84765625,5.0,5.0,2.1925670109928515,4.875766326077299,0.0
2026-08-28 12:01:59.402875,199.78329571106096,161.0,154.52446276654504,161.75390625,5.0,5.0,2.16399193057916,4.870632125312818,0.0
2026-08-28 12:02:07.240135,190.15087333489555,152.0,143.8765405769125,161.31640625,5.0,5.0,2.160610623483389,4.872836865642621,0.0
2026-08-28 12:02:17.321843,181.9738621000451,157.0,176.5563821208064,159.2890625,5.0,5.0,2.169363878454232,4.877059601301871,0.0
2026-08-28 12:02:27.415973,177.31992212848797,167.0,140.9739353345469,159.56640625,5.0,5.0,2.122528111212413,4.882013373733153,0.0
2026-08-28 12:02:35.135804,176.56834233485668,177.0,136.9798365174143,160.71875,5.0,5.0,2.122148172173428,4.898327882688047,0.0
2026-08-28 12:02:45.248160,178.75399649572805,187.0,125.39315596114578,161.26953125,5.0,5.0,2.177359912370642,4.924709210939955,0.0
2026-08-28 12:02:55.340686,184.1154582565659,197.0,141.8910040398448,161.2734375,5.0,5.0,2.167933990581329,4.916903625469686,0.0
2026-08-28 12:03:03.135002,181.64636707265856,197.0,155.5940155937172,161.3125,5.0,5.0,2.1667055413432825,4.895500595947556,0.0
2026-08-28 12:03:13.240922,203.6993508959083,217.0,155.63339202182695,162.09375,5.0,5.0,2.095760850195,4.895097859886592,0.0
2026-08-28 12:03:23.346810,214.6382917171425,227.0,171.82674465102173,162.765625,5.0,5.0,2.062427362985254,4.890057237013268,0.0
2026-08-28 12:03:33.454944,216.1801414505616,238.0,194.14224240835776,162.40625,5.0,5.0,1.9968670093985947,4.906796116504855,0.0
2026-08-28 12:03:41.285190,235.89382702683196,247.0,206.77235847561,162.91015625,5.0,5.0,1.9468648753920488,4.886045322212605,0.0
2026-08-28 12:03:51.373499,246.71598700830023,258.0,218.8534886470701,163.82421875,5.0,5.0,1.9280777733489145,4.880278779681395,0.0
2026-08-28 12:04:01.476585,257.5377564461125,267.0,216.94538073521747,163.13671875,5.0,5.0,1.9346484556854409,4.883436577108695,0.0
2026-08-28 12:04:09.230100,269.0641247833622,277.0,216.1831802373109,163.12109375,5.0,5.0,1.977952578579772,4.891134604754008,0.0
2026-08-28 12:04:19.331030,279.6252166377816,287.0,237.46053348770488,163.03125,5.0,5.0,1.9813620440309905,4.899623734683004,0.0
2026-08-28 12:04:29.432419,290.4623494791573,297.0,244.4046146898374,163.56640625,5.0,5.0,2.052002451358103,4.901427196921103,0.0
2026-08-28 12:04:37.230495,301.4631502890174,308.0,257.71793412125044,163.34375,5.0,5.0,2.0944732779509123,4.923762499223651,0.0
2026-08-28 12:04:47.325814,312.30694196065684,318.0,289.5461478624046,163.42578125,5.0,5.0,2.101832166975262,4.951317296678121,0.0
2026-08-28 12:04:57.431198,323.18141584927474,328.0,265.66553049708705,163.49609375,5.0,5.0,2.0797311978091755,4.95407776611869,0.0
2026-08-28 12:05:05.250822,320.51993067590985,337.0,295.14295590238385,163.3046875,5.0,5.0,2.0451611187415475,4.9521675404476015,0.0
2026-08-28 12:05:15.344868,344.79087726895455,347.0,326.8958590640758,163.4765625,5.0,5.0,2.056812552410137,4.965141403643126,0.0
2026-08-28 12:05:25.452428,355.6233196802656,357.0,309.5926892087604,163.55078125,5.0,5.0,2.0239541814907467,4.975697581716715,0.0
2026-08-28 12:05:33.206842,351.5358361774744,367.0,325.2713006434162,163.6171875,5.0,5.0,1.995953330211875,4.96893689420499,0.0
2026-08-28 12:05:43.320540,377.2232354056446,377.0,349.30976284996274,163.9609375,5.0,5.0,1.9783842534705376,4.948015358531963,0.0
2026-08-28 12:05:53.416559,388.0211624925517,387.0,363.5264292491984,163.52734375,5.0,5.0,2.0415460447670664,4.984507764430121,0.0
2026-08-28 12:06:03.516125,398.8913165164949,397.0,347.23031404246774,164.22265625,5.0,5.0,2.070621095378225,5.124722222222204,0.0
2026-08-28 12:06:11.372727,409.5717793183131,407.0,374.79742222061896,163.9296875,5.0,5.0,2.075511545510493,5.014921171171158,0.0
2026-08-28 12:06:21.466560,420.233603523911,417.0,400.7942535028983,164.0078125,5.0,5.0,2.111337418936336,5.569035532994924,0.0
2026-08-28 12:06:31.580785,431.3438763720393,427.0,411.2059200574725,164.1171875,5.0,5.0,2.20882696794034,5.923565380997177,0.0
2026-08-28 12:06:41.688456,432.8123690605883,437.0,360.831465538324,164.078125,5.0,5.0,2.205575113074077,5.82825854700853,0.0
2026-08-28 12:06:48.810740,434.63650378479497,447.0,428.7159135733182,164.34375,5.0,5.0,2.28759875805024,6.279966471081313,0.0
2026-08-28 12:06:58.939576,467.5628287551139,442.0,443.2010248363449,165.3515625,5.0,5.0,2.311489707148171,6.331500392772968,0.0
2026-08-28 12:07:09.051610,462.9405134094727,429.0,462.1474895236525,164.6171875,5.0,5.0,2.327505969357229,5.977608267716526,0.0
2026-08-28 12:07:19.150706,462.3024734681724,416.0,488.82873918928414,165.359375,5.0,5.0,2.351633519252942,5.81615384615385,0.0
2026-08-28 12:07:26.667513,474.38040822325513,403.0,467.0273597184186,165.359375,5.0,5.0,2.347427291778136,5.903151260504208,0.0
2026-08-28 12:07:36.811290,467.0316547555621,391.0,501.6775605836784,164.3515625,5.0,5.0,2.41432620494866,6.318965517241373,0.0
2026-08-28 12:07:47.241353,454.34003857812064,379.0,547.7712372952755,164.16796875,5.0,5.0,5.497727995071486,14.421182266009827,0.0
2026-08-28 12:07:55.113975,436.17115717519647,366.0,584.3162588961858,164.32421875,5.0,5.0,5.952453561695147,18.006999999999984,0.0
2026-08-28 12:08:05.214161,421.9134912004261,353.0,580.3024010503466,164.9921875,5.0,5.0,5.968763600504746,18.046398891966767,0.0
2026-08-28 12:08:15.310127,385.5517776938253,341.0,554.9628866338692,165.40234375,5.0,5.0,6.012758803701398,18.28663793103447,0.0
2026-08-28 12:08:23.175061,390.9777748408556,329.0,511.4906954312768,164.99609375,5.0,5.0,6.038946248844804,18.51753048780484,0.0
2026-08-28 12:08:33.270724,378.8576337643457,316.0,419.4364809346168,165.25,5.0,5.0,2.379282937507039,4.993552527042718,0.0
2026-08-28 12:08:43.368158,347.07767051284736,303.0,285.1037956084756,164.9453125,5.0,5.0,1.940347152096704,4.891051127539293,0.0
2026-08-28 12:08:51.225379,334.14307254146416,291.0,296.06995604219486,164.2265625,5.0,5.0,1.9992553025135649,4.914823582825269,0.0
2026-08-28 12:09:01.324222,337.0986528360767,278.0,288.5499409725982,164.1953125,5.0,5.0,2.055670538561707,4.935328185328186,0.0
2026-08-28 12:09:11.425317,308.3076794203263,266.0,279.88180560970915,163.8984375,5.0,5.0,2.0946438649640413,4.946558675815236,0.0
2026-08-28 12:09:19.271554,295.5873421432909,253.0,278.99983348725243,163.76953125,5.0,5.0,2.1260784490823474,4.963878397393172,0.0
2026-08-28 12:09:29.367428,296.7912087912088,241.0,282.94128162884334,165.26171875,5.0,5.0,2.108634688662261,4.949780058651026,0.0
2026-08-28 12:09:39.463290,283.4285714285714,229.0,244.6330864368374,164.34765625,5.0,5.0,2.0857084424631003,4.96844837375294,0.0
2026-08-28 12:09:47.293022,257.04173734581474,215.0,249.06008293086265,163.76171875,5.0,5.0,2.067660529321504,4.938230313293818,0.0
2026-08-28 12:09:57.388178,256.008267552057,204.0,242.71968884079192,163.6015625,5.0,5.0,2.1173631537410773,4.948926174496645,0.0
2026-08-28 12:10:07.485448,242.15039577836413,191.0,228.1446894513454,163.62109375,5.0,5.0,2.09155311332164,4.929025723169698,0.0
2026-08-28 12:10:17.626420,217.3475801382778,178.0,189.67392979444287,161.93359375,5.0,5.0,2.170792493349196,4.961887020441043,0.0
2026-08-28 12:10:25.853438,212.8268420017912,166.0,176.23865128597748,161.9296875,5.0,5.0,2.091283835062081,4.890547395117827,0.0
2026-08-28 12:10:35.945060,199.0038883306392,153.0,179.03147452115005,160.41015625,5.0,5.0,2.100785907754096,4.882435940851112,0.0
2026-08-28 12:10:46.105423,176.8611209390414,141.0,168.1419272849283,160.37890625,5.0,5.0,2.072936442928995,4.872706422018347,0.0
2026-08-28 12:10:54.238524,163.77372627372628,129.0,161.6729430630894,160.609375,5.0,5.0,2.1041800040677843,4.887897214593958,0.0
2026-08-28 12:11:04.341142,157.39534479763765,116.0,165.29902444120412,160.75390625,5.0,5.0,2.061233533315649,4.866131995477671,0.0
2026-08-28 12:11:14.441760,138.12569000354114,104.0,132.52757372781448,160.37890625,5.0,5.0,2.074500650430177,4.8666949938195305,0.0
2026-08-28 12:11:22.052091,125.23173703834856,91.0,125.32555942218164,158.59375,5.0,5.0,2.077615492681284,4.881538461538462,0.0
2026-08-28 12:11:32.146055,118.23493234932349,79.0,111.96306413688104,156.765625,5.0,5.0,2.0865576501952416,4.902080138036809,0.0
2026-08-28 12:11:42.613461,105.55909420369436,74.0,85.88921138774616,156.94921875,5.0,5.0,2.139140870994706,4.885191525786433,0.0
2026-08-28 12:11:50.224218,91.34908777172198,72.0,90.16158838269504,157.2265625,5.0,5.0,2.134960940335975,4.879259346900142,0.0
2026-08-28 12:12:00.314430,88.09555525953554,71.0,81.95958913577847,156.625,5.0,5.0,2.1436739410280774,4.870284237726098,0.0
2026-08-28 12:12:10.404177,82.36756804760003,69.0,63.0048253520413,156.84765625,5.0,5.0,2.133644405120954,4.849339570720968,0.0
2026-08-28 12:12:18.461203,74.81060606060606,67.0,67.94336890251883,158.06640625,5.0,5.0,2.1669045901538366,4.864952463267069,0.0
2026-08-28 12:12:28.550654,76.11969833556869,65.0,67.48499013388779,156.7265625,5.0,5.0,2.1252459090102573,4.853748524203069,0.0
2026-08-28 12:12:38.650997,74.14085002528527,63.0,61.64861891992942,157.390625,5.0,5.0,2.120649161327394,4.861001517450683,0.0
2026-08-28 12:12:48.754887,68.39032527105921,61.0,51.94962869639863,157.65625,5.0,5.0,2.176371914632661,4.86875,0.0
2026-08-28 12:12:56.629298,69.64086646702661,59.0,57.34344938103601,156.8359375,5.0,5.0,2.202821159132418,4.867642328723062,0.0
2026-08-28 12:13:06.731051,67.69546875341538,58.0,45.54703944822424,156.45703125,5.0,5.0,2.254169052307972,4.845438076416336,0.0
2026-08-28 12:13:16.824985,63.02705643558141,56.0,55.05827982091229,157.015625,5.0,5.0,2.248952749170509,4.856343283582089,0.0
2026-08-28 12:13:24.655935,60.977651293211686,54.0,45.38037534410216,157.0234375,5.0,5.0,2.2786238644474714,4.868624692226521,0.0
2026-08-28 12:13:34.756712,61.947875005493785,52.0,49.804017383663954,157.3203125,5.0,5.0,2.3021311330260974,4.901262811127379,0.0
2026-08-28 12:13:44.876342,57.171598625199096,50.0,37.69832004619263,157.3203125,5.0,5.0,2.601543431084424,4.959050899349407,0.0
2026-08-28 12:13:52.737970,55.07355714824594,48.0,49.51424472880026,157.49609375,5.0,5.0,2.458902148337826,4.937898089171974,0.0
2026-08-28 12:14:02.830711,54.29220123972899,45.0,46.445992284539095,157.16015625,5.0,5.0,2.465451548320706,4.947163611207194,0.0
2026-08-28 12:14:12.931267,51.89563211763009,43.0,37.60086886691135,157.44140625,5.0,5.0,2.4784838482622744,4.943982652692447,0.0
2026-08-28 12:14:20.622669,50.0595947556615,41.0,32.32597887928069,156.74609375,5.0,5.0,2.441867715005648,4.914893617021276,0.0
2026-08-28 12:14:30.725558,47.96388261851016,39.0,29.60393513226066,156.75,5.0,5.0,2.155783258659288,4.874806800618237,0.0
2026-08-28 12:14:40.814686,46.12272907862896,37.0,39.48940492747568,156.75,5.0,5.0,2.231400288175154,4.885823600483286,0.0
2026-08-28 12:14:48.554662,44.259001140415975,36.0,36.1423004909421,157.4609375,5.0,5.0,2.256968544377014,4.89,0.0
2026-08-28 12:14:58.643877,41.72474340640443,34.0,29.27568830627497,157.4609375,5.0,5.0,2.289142468547824,4.861789520426289,0.0
2026-08-28 12:15:08.732447,40.16725798276736,32.0,29.432244616913422,156.50390625,5.0,5.0,2.296965393244272,4.870669745958429,0.0
2026-08-28 12:15:18.822013,36.61942512186237,30.0,28.99704756362541,156.50390625,5.0,5.0,2.349484651349816,4.898510014655593,0.0
2026-08-28 12:15:26.875152,35.945479392936775,28.0,31.723199046398808,156.7265625,4.0,4.0,2.3411201740856877,4.881876606683805,0.0
2026-08-28 12:15:36.971114,33.985470761706104,27.0,24.60561955225694,156.7265625,4.0,4.0,2.380470045501854,4.916484118291347,0.0
2026-08-28 12:15:47.066833,30.69093418442164,25.0,24.42239773787173,156.4375,4.0,4.0,2.349328929171916,4.910081348053457,0.0
2026-08-28 12:15:54.824081,30.02679036985095,23.0,24.11404729340901,156.7421875,4.0,4.0,2.417797079039905,4.95471580262336,0.0
2026-08-28 12:16:04.951970,28.047293356661896,21.0,27.771585045017098,131.21484375,4.0,4.0,2.413719439468156,4.9270765206017,0.0
2026-08-28 12:16:15.052048,24.43574188562597,21.0,21.52704233156747,131.21484375,4.0,4.0,2.4151455938955624,4.907437348423605,0.0
2026-08-28 12:16:22.907404,19.606582381729204,21.0,21.52163349166347,131.1796875,2.0,2.0,2.444125120360367,4.927939646201872,0.0
2026-08-28 12:16:33.008223,14.85490226481242,21.0,15.208773614306429,131.1796875,2.0,2.0,2.3935626317233103,4.877832861189802,0.0
2026-08-28 12:16:43.104166,10.397979363971093,21.0,5.816509732277861,131.15234375,2.0,2.0,2.5855952881323967,4.916666666666666,0.0
2026-08-28 12:16:50.902820,5.949457413824548,21.0,4.541945911319499,131.15625,2.0,2.0,2.399578344535685,4.851931330472103,0.0
2026-08-28 12:17:01.009246,0.6666666666666666,21.0,0.0515667996671626,78.0625,2.0,2.0,1.9154503499972635,4.75,0.0
2026-08-28 12:17:11.101277,0.0,21.0,0.0121678377201783,78.0625,2.0,2.0,0.0,0.0,0.0
2026-08-28 12:17:19.092174,0.0,21.0,0.0126716541676338,78.0625,2.0,2.0,0.0,0.0,0.0
2026-08-28 12:17:29.182900,0.0,21.0,0.0068881263084631,78.0625,2.0,2.0,0.0,0.0,0.0
2026-08-28 12:17:39.267172,0.0,21.0,0.0055704579103539,78.0625,2.0,2.0,0.0,0.0,0.0
2026-08-28 12:17:49.368461,0.0,21.0,0.0069867042418222,78.0625,2.0,2.0,0.0,0.0,0.0
2026-08-28 12:17:57.158299,0.0,21.0,0.0052003139197847,78.0625,2.0,2.0,0.0,0.0,0.0
2026-08-28 12:18:07.265290,0.0,21.0,0.0072165839048629,78.0625,2.0,2.0,0.0,0.0,0.0
2026-08-28 12:18:17.356913,0.0,21.0,0.0089150420050093,78.0625,2.0,2.0,0.0,0.0,0.0
2026-08-28 12:18:25.166329,0.0,21.0,0.0115665009285496,78.0625,2.0,2.0,0.0,0.0,0.0
2026-08-28 12:18:35.254861,0.0,21.0,0.0096253873206982,78.0625,2.0,2.0,0.0,0.0,0.0
2026-08-28 12:18:45.366968,0.0,21.0,0.0075435854865402,78.0625,2.0,2.0,0.0,0.0,0.0
2026-08-28 12:18:53.123561,0.0,21.0,0.0091161626800256,78.0625,2.0,2.0,0.0,0.0,0.0
2026-08-28 12:19:03.226361,0.0,21.0,0.0054217478933301,78.0625,2.0,2.0,0.0,0.0,0.0
2026-08-28 12:19:13.330140,0.0,21.0,0.0070171337335676,78.0625,1.0,1.0,0.0,0.0,0.0
2026-08-28 12:19:21.263670,0.0,21.0,0.0072650691610825,78.0625,1.0,1.0,0.0,0.0,0.0
2026-08-28 12:19:31.363456,0.0,21.0,0.0106767924184206,78.0625,1.0,1.0,0.0,0.0,0.0
2026-08-28 12:19:41.479159,0.0,21.0,0.0070261904597707,44.98828125,1.0,1.0,0.0,0.0,0.0
2026-08-28 12:19:49.110655,0.0,21.0,0.0061824552791572,44.98828125,1.0,1.0,0.0,0.0,0.0
2026-08-28 12:19:59.197562,0.0,21.0,0.00710559279307,44.98828125,1.0,1.0,0.0,0.0,0.0
2026-08-28 12:20:09.300820,0.0,21.0,0.0062359613627587,44.98828125,1.0,1.0,0.0,0.0,0.0
2026-08-28 12:20:17.142472,0.0,21.0,0.0034815881193634,44.98828125,1.0,1.0,0.0,0.0,0.0
2026-08-28 12:20:27.236916,0.0,21.0,0.0056569690047428,44.98828125,1.0,1.0,0.0,0.0,0.0
2026-08-28 12:20:37.366196,0.0,21.0,0.002242952538398,44.98828125,1.0,1.0,0.0,0.0,0.0
2026-08-28 12:20:47.465203,0.0,21.0,0.0017729044514344,44.98828125,1.0,1.0,0.0,0.0,0.0
